Company Name,Wesite,City,Segment,What They Make,Revenue Band,Decision Maker,C1,C2,C3,C4,C5,C6,Final Score,Verdict,Personalization Hook,Sources
Bharat Biotech,bharatbiotech.com,Hyderabad,speciality biotech,Vaccines and Biotechnology,>500Cr,Dr.Krishna Ella -Scientist & Founder,Strong - In-house vaccine manufacturing facilities,Strong - Hyderabad HQ and manufacturing,Strong - Indigenous Vaccine development and R&D,Strong - Founder is scientist and Biotech researcher,Strong - Biotech and vaccine demand growth,Strong - Active hiring and global expansion,100,Reject for final ICP – exceeds ?500Cr threshold despite strong technical fit,Expanded global vaccine partnerships and biologics manufacturing capabilities,"Company website, LinkedIn, news articles"
Utopia Therapeutics,utopiathx.com / LinkedIn,Hyderabad,Specialty Biotech,"Immunotherapy-based obesity vaccine, stem cell therapies, metabolic disease biotech products",<30Cr (estimated startup stage),"Dr. Gopi Kadiyala – Founder, PhD researcher & biotech scientist",Moderate – Early-stage biotech with product development and biotech R&D capability,Strong – Hyderabad-based biotech startup incubated at CDFD,Strong – US patent for obesity immunotherapy vaccine candidate UT-009,Strong – Scientist-led founding team with biotech research background,"Strong – Biotech, obesity therapeutics, and metabolic disease sector have strong global growth tailwinds","Strong – Seed funding, active hiring, patent approval, product launch signals",85,Strong Fit – Scientist-led differentiated biotech startup with active growth and proprietary IP,Secured US patent for immunotherapy-based obesity vaccine candidate UT-009,"LinkedIn, Business Standard, Hyderabad Mail, YNOS"
PopVax,popvax.com,Hyderabad,Specialty Biotech,Vaccine development and biotech research products,<30Cr (Estimated),Scientist-led founding team,Moderate - Biotech product development capability,Strong - India-based biotech startup,Strong - Innovative vaccine platform,Strong - Technical/scientific founders,Strong - Growing biotech and vaccine sector,Moderate - Startup growth and research activity,80,Strong Fit,Focused on innovative vaccine platform development,"Website, LinkedIn, startup articles"
Virchow Biotech,virchowbiotech.com,Hyderabad,Biopharmaceutical Manufacturing,"Vaccines, biologics, and pharmaceutical products",>500Cr,Technical pharma leadership,Strong - Large-scale manufacturing facilities,Strong - Hyderabad manufacturing operations,Strong - Biotech and vaccine manufacturing,Moderate - Technical management team,Strong - Growing pharma sector,Strong - Expansion and hiring activity,85,Reject - Revenue exceeds ICP threshold,Expanded vaccine manufacturing capacity,"Website, LinkedIn, news articles"
Zenovra Life Sciences,zenovra.com,Hyderabad,Specialty Life Sciences,Life science and healthcare products,30-100Cr (Estimated),Technical management team,Moderate - Manufacturing capability present,Strong - India-based operations,Moderate - Specialized healthcare focus,Moderate - Technical leadership,Strong - Growing healthcare sector,Moderate - Active operations and market presence,70,Fit,Focused on specialized life science solutions,"Website, LinkedIn"
Sapien Biosciences,sapienbio.com,Hyderabad,Specialty Biotech,Bioscience and biotech research products,<30Cr (Estimated),Scientist-led team,Moderate - Research and biotech capability,Strong - Hyderabad biotech company,Strong - Bioscience innovation focus,Strong - Technical/scientific leadership,Strong - Growing biotech sector,Moderate - Startup growth activity,75,Fit,Research-driven bioscience innovation company,"Website, LinkedIn"
9M Fertility,ankurahospitals.com,Hyderabad,Fertility Healthcare,IVF and fertility treatment services,Unknown,Medical management team,"Weak - Service business, not manufacturing",Strong - Hyderabad operations,Weak - No manufacturing/IP focus,Moderate - Medical leadership,Moderate - Healthcare demand growth,Moderate - Active operations,35,Reject,Focused on fertility healthcare services,Website
Whale Tank Biocatalyst,Unknown,Hyderabad,Biotech Commercialization,Scientific idea commercialization platform,Unknown,Unknown,Moderate - Manufacturing unclear,Strong - Hyderabad presence,Moderate - Scientific innovation focus,Moderate - Technical domain,Strong - Growing biotech ecosystem,Moderate - Startup activity visible,55,Borderline,Transforming scientific ideas into market solutions,F6S
Aganitha,aganitha.ai,Hyderabad,AI/Data Analytics,AI and data analytics solutions,Unknown,Technical founders,Weak - No manufacturing,Strong - India-based company,Moderate - AI capability,Strong - Technical founders,Strong - AI sector growth,Moderate - Startup growth activity,45,Reject,AI-driven analytics platform,"Website, F6S"
Cliniv Health Tech,cliniv.com,Hyderabad,Clinical Trial SaaS,Clinical trial digital transformation software,Unknown,Ramesh Meesala,Weak - Software/service company,Strong - Hyderabad startup,Moderate - Specialized clinical platform,Moderate - Technical management,Strong - Healthtech growth,Moderate - Active operations,40,Reject,Integrated decentralized clinical trial platform,"Website, F6S"
K & H Personalized Medicine,Unknown,Hyderabad,Genomics / Personalized Medicine,Genomics-based wellness solutions,Unknown,Vamsi Challa,Moderate - Manufacturing unclear,Strong - India-based startup,Strong - Personalized genomics focus,Moderate - Technical leadership,Strong - Precision healthcare growth,Moderate - Startup activity,60,Borderline,Transforming genomic data into wellness programs,F6S
Tergene Biotech,tergenebiotech.com,Hyderabad,Specialty Biotech,Vaccines and biotechnology products,30-100Cr (Estimated),Technical biotech leadership,Strong - Biotech manufacturing capability,Strong - Hyderabad operations,Strong - Specialized biotech products,Strong - Technical/scientific leadership,Strong - Vaccine and biotech growth,Strong - Expansion and industry activity,85,Strong Fit,Focused on advanced vaccine and biotech development,"Website, F6S"
Eyestem Research,eyestem.com,Hyderabad,Cell Therapy Biotech,Cell replacement and stem-cell therapies,<30Cr (Estimated),Scientist-led founding team,Moderate - Early-stage biotech manufacturing,Strong - India biotech startup,Strong - Proprietary cell therapy innovation,Strong - Scientist-led company,Strong - Regenerative medicine growth,Moderate - Startup expansion activity,80,Strong Fit,Developing scalable cell replacement therapies,Website
Loopworm,loopworm.com,Hyderabad,Industrial Biotech,Insect-derived protein products,30-100Cr (Estimated),Technical biotech founders,Strong - Manufacturing-focused biotech company,Strong - India-based operations,Strong - Deep biotech innovation,Strong - Technical founding team,Strong - Sustainable protein market growth,Strong - Funding and growth activity,90,Strong Fit,Insect biotechnology for sustainable protein production,Website
Iom Bioworks,iom.bio,Hyderabad,Microbiome Biotech,Microbiome-based healthcare products,<30Cr (Estimated),Scientist-led team,Moderate - Biotech product development,Strong - India biotech company,Strong - Microbiome innovation,Strong - Scientific leadership,Strong - Wellness and microbiome growth,Moderate - Startup activity,75,Fit,Focused on microbiome innovation and healthcare,Website
Yapan Bio,yapanbio.com,Hyderabad,Biologics Manufacturing / CDMO,"Viral vector vaccines, gene therapies, monoclonal antibodies, RNA/DNA biologics",30-100Cr (Estimated),Biotech leadership team backed by Piramal Pharma,Strong - GMP biologics manufacturing and development facilities,Strong - Genome Valley Hyderabad operations,Strong - Advanced viral vector and gene therapy capability,Strong - Technical biotech leadership and biologics expertise,Strong - Global biologics and gene therapy growth tailwinds,Strong - ?65Cr facility expansion and international client growth,90,Strong Fit,Expanded state-of-the-art biologics facility in Genome Valley,"Company website, news articles, Genome Valley reports"
D-NOME,d-nome.com / LinkedIn,Hyderabad,Molecular Diagnostics / DeepTech Biotech,"Portable PCR devices, DNA/RNA amplification kits, rapid diagnostics",<30Cr (Estimated startup stage),Deeptech scientific founding team,Moderate - Early-stage diagnostics manufacturing capability,Strong - Hyderabad biotech startup,Strong - Pocket PCR innovation and reagent technology,Strong - Technical biotech and engineering leadership,Strong - Diagnostics and point-of-care testing growth,Strong - National Startup India recognition and expansion activity,85,Strong Fit,Received national recognition for Pocket PCR innovation at Startup India Mahakumbh,"LinkedIn, Startup India articles, Hyderabad startup news"
Clonz Biotech,clonzbiotech.com,Hyderabad,Biosimilars / Specialty Biotech,Biosimilar monoclonal antibodies and recombinant biologics,30-100Cr (Estimated),Biologics experts from Dr. Reddy’s Labs,Strong - DSIR-recognized R&D and GMP manufacturing capability,Strong - Hyderabad Genome Valley presence,Strong - Biosimilar monoclonal antibody development,Strong - Technical biologics leadership team,Strong - Biosimilar and biologics sector growth,Moderate - Clinical development and strategic partnership activity,85,Strong Fit,Developing affordable biosimilars for oncology and immunology treatments,"Company website, biotech news, Genome Valley reports"
Biological E,biologicale.com,Hyderabad,Vaccine Biotechnology,Vaccines for infectious diseases including dengue and COVID-19,>500Cr,Technical vaccine leadership team,Strong - Large-scale vaccine manufacturing,Strong - Hyderabad biotech operations,Strong - Global vaccine partnerships and R&D,Moderate - Technical management structure,Strong - Vaccine market and government healthcare tailwinds,Strong - International vaccine manufacturing partnerships,80,Borderline - Large company size may exceed ICP,Partnered with Takeda for global dengue vaccine production,"Website, vaccine industry news"
Indian Immunologicals,indimmune.com,Hyderabad,Human & Animal Vaccines,"Human vaccines, veterinary vaccines, fish vaccines",100-300Cr (Estimated),Technical vaccine and biotech leadership,Strong - Vaccine manufacturing facilities and R&D,Strong - Hyderabad headquarters and production,Strong - Indigenous vaccine innovation and animal health products,Strong - Scientist-led vaccine development,Strong - Growing vaccine and animal health market,Strong - New vaccine development and GMP expansion activity,90,Strong Fit,Developing India’s indigenous dengue vaccine candidate,"Website, biotech news, vaccine industry reports"
Shantha Biotechnics,shanthabiotech.com,Hyderabad,Vaccine Biotechnology,Recombinant vaccines and pediatric combination vaccines,>500Cr,Sanofi-owned biotech management,Strong - Advanced vaccine manufacturing facilities,Strong - Hyderabad manufacturing operations,Strong - Pioneer in recombinant vaccine innovation,Moderate - Corporate management after Sanofi acquisition,Strong - Global vaccine demand and exports,Strong - Major infrastructure investments and global supply activity,75,Reject - Sanofi-owned and exceeds ideal promoter-driven ICP,First Indian company to launch recombinant Hepatitis-B vaccine,"Website, Sanofi reports, vaccine industry news"
Aragen Life Sciences,aragen.com,Hyderabad,CRDMO / Drug Research Services,"Drug discovery, biologics research, manufacturing services",>500Cr,Manni Kantipudi - CEO,Moderate - Manufacturing exists but service-heavy business model,Strong - Hyderabad headquarters and research facilities,Strong - Global CRDMO and biologics capabilities,Strong - Technical scientific workforce,Strong - Global pharma outsourcing and China+1 tailwinds,Strong - ?2000Cr expansion and global investment activity,70,Reject - CRO/service-heavy company not ideal manufacturing ICP,Announced ?2000Cr Hyderabad expansion and 1500 scientific jobs,"Website, pharma news, industry reports"
Hychem Laboratories,hychemlabs.com,Hyderabad,Specialty Chemicals,Fine chemicals and intermediates,30-100Cr (Estimated),Technical management team,Strong - Chemical manufacturing operations,Strong - Hyderabad manufacturing presence,Moderate - Specialty chemical focus,Moderate - Technical leadership,Strong - Specialty chemicals growth sector,Moderate - Active operations,70,Fit,Specialized chemical manufacturing focus,"Website, LinkedIn"
Nichino India Pvt Ltd,nichinoindia.com,Hyderabad,Agro Chemicals,Crop protection and agrochemical products,100-300Cr (Estimated),Hideji Hosoda - Founder/CEO,Strong - Agrochemical manufacturing,Strong - Hyderabad operations,Moderate - Technical agrochemical products,Moderate - Technical management,Strong - Agrochemical growth sector,Moderate - Active industry operations,70,Borderline,Focused on crop protection innovation,"Website, LinkedIn"
NACL Industries,naclind.com,Hyderabad,Agro Chemicals,Agrochemical and crop protection products,>500Cr,Corporate management,Strong - Manufacturing operations,Strong - India operations,Moderate - Agrochemical products,Moderate - Technical operations,Strong - Agriculture sector growth,Strong - Expansion activity,75,Reject - Revenue exceeds ICP threshold,Large agrochemical manufacturing network,"Website, LinkedIn"
Rain Industries,rain-industries.com,Hyderabad,Commodity Chemicals,Carbon and cement-related chemical products,>500Cr,Corporate management,Strong - Manufacturing capability,Strong - India operations,Weak - Commodity chemical focus,Moderate - Technical operations,Moderate - Industrial sector growth,Strong - Global operations,55,Reject,Commodity-focused industrial chemicals,Website
Biopharmacule Speciality Chemicals Pvt Ltd,Unknown,Hyderabad,Specialty Chemicals,Specialty chemical products,Unknown,Technical management team,Strong - Specialty manufacturing,Strong - Hyderabad operations,Strong - Specialty chemical focus,Moderate - Technical leadership,Strong - Specialty chemical growth,Moderate - Active operations,75,Fit,Specialty chemical manufacturing focus,LinkedIn
Quinexa Technology,quinexa.com,Hyderabad,Specialty Chemicals,Chemical technology and specialty products,<30Cr (Estimated),Technical founders,Moderate - Manufacturing capability,Strong - Hyderabad startup,Strong - Innovation-focused products,Strong - Technical founders,Strong - Specialty chemical growth,Moderate - Startup activity,75,Fit,Innovation-driven chemical technology company,"Website, LinkedIn"
Prime Laboratories,primelabhyd.com,Hyderabad,Chemicals / Pharma,Industrial and pharma chemicals,30-100Cr (Estimated),Technical management,Strong - Manufacturing operations,Strong - Hyderabad presence,Moderate - Specialty product focus,Moderate - Technical management,Strong - Pharma and chemical growth,Moderate - Operational activity,70,Fit,Chemical and pharma manufacturing focus,Website
Thioxazo Bio Tech Labs,Unknown,"Uppal, Hyderabad",Biotech Chemicals,Biotech and chemical laboratory products,Unknown,Unknown,Moderate - Limited manufacturing data,Strong - Hyderabad operations,Moderate - Biotech focus,Moderate - Technical domain,Strong - Biotech growth sector,Weak - Limited visible growth signals,55,Borderline,Biotech-focused laboratory company,LinkedIn
Lucid Laboratories Pvt Ltd,lucidlabs.com,Hyderabad,Pharma Chemicals,Pharmaceutical and chemical products,100-300Cr (Estimated),Technical pharma leadership,Strong - Pharma manufacturing capability,Strong - Hyderabad manufacturing,Strong - Pharma specialization,Moderate - Technical management,Strong - Pharma growth sector,Strong - Active operations,80,Strong Fit,Established pharmaceutical manufacturing company,"Website, LinkedIn"
Vaasavaa Pharmaceuticals Pvt Ltd,vaasavaa.com,Hyderabad,Pharmaceuticals,Pharmaceutical and specialty chemical products,30-100Cr (Estimated),Technical pharma management,Strong - Manufacturing operations,Strong - Hyderabad operations,Moderate - Pharma product focus,Moderate - Technical leadership,Strong - Pharma growth sector,Moderate - Operational activity,70,Fit,Specialized pharma manufacturing company,Website
Bayard Agro Sciences Pvt Ltd,Unknown,Hyderabad,Agro Sciences,Agrochemical and agricultural products,Unknown,Technical management,Moderate - Manufacturing unclear,Strong - India operations,Moderate - Agro-science focus,Moderate - Technical management,Strong - Agriculture growth sector,Weak - Limited visible growth signals,55,Borderline,Agro-science focused company,LinkedIn
DNS Fine Chemicals & Laboratories Pvt Ltd,Unknown,Hyderabad,Fine Chemicals,Fine chemicals and laboratory products,<30Cr (Estimated),Technical management,Strong - Fine chemical manufacturing,Strong - Hyderabad operations,Strong - Specialty fine chemicals,Moderate - Technical leadership,Strong - Fine chemicals growth,Moderate - Active operations,75,Fit,Fine chemical manufacturing focus,LinkedIn
Chemipro Labs,chemiprolabs.com,Hyderabad,Specialty Chemicals,Laboratory and specialty chemical products,<30Cr (Estimated),Technical founders,Moderate - Small-scale manufacturing,Strong - Hyderabad company,Strong - Specialty lab products,Moderate - Technical team,Strong - Specialty chemicals growth,Moderate - Startup activity,70,Fit,Laboratory specialty chemical solutions,Website
Bhagiradha Chemicals,Unknown,Hyderabad,Chemicals,Industrial chemical products,30-100Cr (Estimated),Technical management,Strong - Manufacturing capability,Strong - Hyderabad operations,Moderate - Industrial chemical products,Moderate - Technical operations,Strong - Chemicals growth sector,Moderate - Active operations,65,Fit,Industrial chemical manufacturing company,LinkedIn
Ahan Specialty Chemicals,Unknown,Hyderabad,Specialty Chemicals,Specialty chemical products,<30Cr (Estimated),Technical founders,Moderate - Small-scale manufacturing,Strong - Hyderabad startup,Strong - Specialty products,Moderate - Technical management,Strong - Specialty chemicals growth,Moderate - Startup activity,70,Fit,Specialty chemical innovation focus,LinkedIn
Gr Intrachem Limited,Unknown,Hyderabad,Industrial Chemicals,Industrial and specialty chemicals,30-100Cr (Estimated),Technical management,Strong - Industrial manufacturing,Strong - Hyderabad operations,Moderate - Specialty industrial chemicals,Moderate - Technical leadership,Strong - Industrial growth sector,Moderate - Active operations,70,Fit,Industrial chemical manufacturing expertise,LinkedIn
Chromo Laboratories India Pvt Ltd,Unknown,Hyderabad,Laboratory Chemicals,Laboratory and specialty chemical products,30-100Cr (Estimated),Technical management,Strong - Manufacturing operations,Strong - Hyderabad operations,Strong - Laboratory chemical specialization,Moderate - Technical leadership,Strong - Specialty lab chemical growth,Moderate - Active operations,75,Fit,Laboratory specialty products manufacturer,LinkedIn
Citron Scientific,citronscientific.com,Hyderabad,Scientific Chemicals,Scientific laboratory and specialty products,<30Cr (Estimated),Technical founders,Moderate - Specialty manufacturing,Strong - Hyderabad company,Strong - Scientific product specialization,Moderate - Technical team,Strong - Scientific products growth,Moderate - Startup activity,70,Fit,Scientific specialty products company,Website
Gensynth Laboratories Pvt Ltd,gensynthlabs.com,Hyderabad,Specialty Chemicals,Chemical manufacturing and specialty products,30-100Cr (Estimated),Technical management,Strong - Manufacturing specialization,Strong - Hyderabad operations,Strong - Specialty chemical products,Moderate - Technical management,Strong - Specialty chemicals growth,Moderate - Active operations,75,Fit,Specialty manufacturing company,"Website, LinkedIn"
Fist of Success Private Limited,fistofsuccess.com,Hyderabad,Software / API Development,SaaS products and API solutions,30-100Cr (Estimated),Technical leadership team,Weak - Service company,Strong - Hyderabad operations,Moderate - API and SaaS expertise,Strong - Technical team,Strong - Growing software sector,Strong - Active client projects,55,Borderline,Focused on scalable SaaS and API products,"Clutch, Website"
Aubrant Digital,aubrantdigital.com,Hyderabad,API Development,REST API and software solutions,<30Cr (Estimated),Technical founders,Weak - Service-based model,Strong - Hyderabad startup,Moderate - API integration expertise,Moderate - Technical leadership,Strong - API market growth,Moderate - Startup activity,50,Reject,Focused on API integration and development services,Clutch
Optimworks Technologies,optimworks.com,Hyderabad,QA / Software Testing,Application testing and QA services,30-100Cr (Estimated),Management team,Weak - No manufacturing,Strong - Hyderabad presence,Weak - Service/testing focus,Moderate - Technical management,Strong - IT growth sector,Strong - Active projects,45,Reject,Known for QA and software testing expertise,Clutch
IT4YOURBUSINESS PRIVATE Limited,it4yourbusiness.com,Hyderabad,Fintech Software,Payment gateway and financial systems,<30Cr (Estimated),Technical founders,Weak - Service company,Strong - Hyderabad operations,Moderate - Fintech software expertise,Moderate - Technical founders,Strong - Fintech growth,Moderate - Active projects,50,Reject,Secure and scalable payment systems expertise,Clutch
Navtech,navtech.io,Hyderabad,Software Development,Web and custom software development,100-500Cr (Estimated),Technical leadership,Weak - IT services business,Strong - Hyderabad office,Moderate - Product engineering expertise,Moderate - Technical leadership,Strong - Software demand growth,Strong - Expansion activity,60,Borderline,Provides product engineering and digital transformation,Clutch
AuroPro Soft Systems,auroprosoft.com,Hyderabad,Cloud & Mobile Apps,Mobile and cloud solutions,100-500Cr (Estimated),Management team,Weak - IT services company,Strong - Hyderabad operations,Moderate - Enterprise app expertise,Moderate - Technical leadership,Strong - Cloud market growth,Strong - Large employee base,58,Borderline,Focused on enterprise cloud and app solutions,Clutch
Beansoft LLP,beansoft.io,Hyderabad,API / Mobile Development,API and mobile application services,<30Cr (Estimated),Startup founders,Weak - Service startup,Strong - Hyderabad startup,Moderate - API development,Moderate - Technical founders,Strong - Startup growth sector,Moderate - New company activity,48,Reject,Startup focused on API and mobile solutions,Clutch
DSK Solutions,dsksolutions.com,Hyderabad,AI & Software,AI and custom software solutions,<30Cr (Estimated),Technical team,Weak - Service business,Strong - Hyderabad startup,Moderate - AI expertise,Strong - Technical founders,Strong - AI industry growth,Moderate - Startup activity,52,Borderline,Focused on AI and custom software services,Clutch
Kiranam Technologies,kiranam.com,Hyderabad,AI / Software Engineering,Custom software and AI solutions,100-500Cr (Estimated),Technical management,Weak - IT services company,Strong - Hyderabad office,Moderate - AI and software expertise,Strong - Technical team,Strong - AI/software market growth,Strong - International presence,62,Borderline,Known for AI-enabled software engineering,Clutch
Iconwave Technologies,iconwave.io,Hyderabad,Enterprise Software,Enterprise modernization solutions,30-100Cr (Estimated),Management team,Weak - Service model,Strong - Hyderabad operations,Moderate - Enterprise software expertise,Moderate - Technical leadership,Strong - Enterprise IT growth,Moderate - Active projects,55,Borderline,Focused on enterprise app modernization,Clutch
Biological E. Limited,biologicale.com,Hyderabad,Vaccines & Biopharma,"Vaccines, biologics, injectables",>500Cr,Mahima Datla – MD,Strong – Large vaccine manufacturing,Strong – Hyderabad biotech leader,Strong – Indigenous vaccine R&D,Strong – Technical biotech leadership,Strong – Global vaccine demand,Strong – Expansion & partnerships,92,Reject – Too large for ICP but strong benchmark company,Produced India-developed COVID vaccine,"Company Website, BuiltIn, Tracxn"
Cryoviva Biotech,cryoviva.in,Hyderabad,Stem Cell Biotech,Stem cell banking & cryopreservation,30-100Cr (Estimated),Technical biotech management,Moderate – Healthcare biotech operations,Strong – Hyderabad biotech presence,Strong – Stem cell specialization,Moderate – Scientific leadership,Strong – Regenerative medicine growth,Moderate – Expansion activity,72,Fit,Focused on stem cell preservation and therapy solutions,"Website, BuiltIn"
Shriram Bioseed Genetics,bioseed.com,Hyderabad,Agri Biotech,Hybrid and GM seeds,>500Cr,Technical agricultural leadership,Strong – Seed production capability,Strong – Large India operations,Strong – Crop genetics innovation,Moderate – Agri-tech leadership,Strong – Agriculture demand growth,Strong – Established market presence,84,Reject – Revenue too high,Advanced hybrid seed and crop genetics programs,"Website, BuiltIn"
Shivashakthi Bio Technologies,sbtindia.com,Hyderabad,Agri Biotech,Bio fertilizers & plant growth products,<30Cr (Estimated),Technical founders,Moderate – Small-scale manufacturing,Strong – Agri biotech operations,Moderate – Organic crop enhancement focus,Moderate – Technical management,Strong – Sustainable farming demand,Moderate – Regional market activity,65,Fit,Organic soil enhancement and crop nutrition products,"Website, BuiltIn"
JK Agri Genetics,jkseeds.net,Hyderabad,Agri Genetics,Hybrid crop seeds,>500Cr,Senior agri-science management,Strong – Large seed manufacturing,Strong – National distribution,Strong – Crop R&D capability,Moderate – Technical leadership,Strong – Global agriculture growth,Strong – Large-scale operations,82,Reject – Large enterprise outside ICP,Drought-resistant and high-yield seed innovation,"Website, BuiltIn"
Clonz Biotech,clonzbiotech.com,Hyderabad,Biotech Therapeutics,Monoclonal antibodies & biosimilars,<30Cr (Estimated),Scientist-led biotech team,Moderate – Early biotech manufacturing,Strong – Specialized biotech focus,Strong – Cancer and antibody R&D,Strong – Scientific founders,Strong – Biotech therapeutics growth,Moderate – Startup expansion activity,80,Strong Fit,Developing monoclonal antibodies for cancer treatment,"Website, BuiltIn"
Syngene,syngeneintl.com,Hyderabad,Contract Research Biotech,Drug discovery and manufacturing services,>500Cr,Jonathan Hunt – CEO,Strong – Advanced biotech facilities,Strong – Hyderabad biotech zone,Strong – Global drug research capability,Strong – Scientific leadership,Strong – Pharma outsourcing growth,Strong – Global expansion activity,90,Reject – Enterprise scale company,Integrated discovery and manufacturing services,"Website, BuiltIn"
Eurofins,eurofins.com,Hyderabad,Biotech Testing,Analytical and laboratory testing,>500Cr,Global scientific leadership,Strong – Global testing infrastructure,Strong – Hyderabad operations,Strong – Advanced testing methods,Strong – Technical management,Strong – Global diagnostics growth,Strong – Large-scale hiring,88,Reject – Very large global company,Operates 900+ laboratories worldwide,"Website, BuiltIn"
Mapmygenome,mapmygenome.in,Hyderabad,Genomics Biotech,DNA testing and genomic analysis,30-100Cr (Estimated),Anu Acharya – Founder,Moderate – Genomics platform capability,Strong – Hyderabad genomics startup,Strong – Personalized healthcare innovation,Strong – Scientist founder,Strong – Precision medicine growth,Strong – Startup growth activity,85,Strong Fit,Personalized DNA and preventive healthcare platform,"Website, BuiltIn"
Sanzyme,sanzymebiologics.com,Hyderabad,Fermentation Biotech,Probiotics and fermentation products,100-500Cr (Estimated),Technical biotech management,Strong – Fermentation manufacturing,Strong – Global export operations,Strong – Probiotic product specialization,Moderate – Technical leadership,Strong – Wellness and animal health growth,Strong – International market expansion,78,Fit,Process-stable probiotics for global markets,"Website, BuiltIn"
Indian Immunologicals,indimmune.com,Hyderabad,Vaccine Biotech,Human and veterinary vaccines,>500Cr,Dr. K. Anand Kumar – MD,Strong – Vaccine manufacturing scale,Strong – Hyderabad vaccine ecosystem,Strong – Human & animal vaccine portfolio,Strong – Technical vaccine leadership,Strong – Global healthcare demand,Strong – International exports,89,Reject – Revenue exceeds ICP,One of the world’s largest animal vaccine plants,"Website, BuiltIn"
Krebs Biochemicals & Industries,krebsbiochem.com,Hyderabad,Industrial Biotech,APIs and biotech processes,100-500Cr (Estimated),Technical pharma leadership,Strong – API manufacturing capability,Strong – Industrial biotech operations,Strong – Fermentation and synthesis expertise,Moderate – Technical leadership,Strong – Pharma manufacturing growth,Moderate – Stable operations,76,Fit,Specialized in biotech synthesis and fermentation,"Website, BuiltIn"
VeGen Labs LLP,VeGen Labs Official Website,Hyderabad,Precision Oncology / Biotech,"CAR-T cell therapy, oncology drugs",Early Stage Startup,Uday Kumar Surampudi / Prashant Bhavar,Strong,Strong,Strong,Strong,Moderate,Strong,82,ACCEPT,Strong oncology innovation startup working on affordable cancer therapies and collaborations with research institutes,(LinkedIn)
Sparsha Pharma,https://sparshpharma.com,Hyderabad,Pharma / Transdermal,Transdermal drug delivery systems,Mid-Market,Dange Veerapaneni,Strong,Strong,Strong,Strong,Moderate,Strong,80,ACCEPT,Specialized pharma manufacturing with global transdermal focus,BestStartup India
GeneTech,https://www.genetechlab.com,Hyderabad,Genetics / Diagnostics,Genetic testing & molecular diagnostics,Small-Mid,Anuradha Udumudi,Strong,Strong,Strong,Moderate,Moderate,Strong,78,ACCEPT,Strong genomics & testing company with research applications,BestStartup India
JC Biotech,https://www.jcbiotech.com,Hyderabad,Nutraceutical / Biotech,Nutraceuticals & bio-pharma ingredients,Mid-Market,S. Koteswara Rao,Strong,Strong,Strong,Moderate,Moderate,Moderate,75,ACCEPT,Established nutraceutical manufacturer with export potential,BestStartup India
Unique Biotech,https://www.uniquebiotech.com,Hyderabad,Industrial Biotech,"Probiotics, enzymes, nutraceuticals",Mid-Market,NA,Strong,Strong,Moderate,Moderate,Moderate,Moderate,73,ACCEPT,Large probiotic and enzyme manufacturing capability,BestStartup India
Indian Immunologicals,https://www.indimmune.com,Hyderabad,Vaccine / Biotech,Human & veterinary vaccines,Enterprise,NA,Strong,Strong,Strong,Strong,Strong,Strong,90,ACCEPT,Market leader in vaccines with international presence,BestStartup India
Vivo Bio Tech,https://www.vivobio.com,Hyderabad,CRO / Drug Discovery,Drug development & discovery services,Mid-Market,Sunil Kumar,Strong,Strong,Strong,Strong,Moderate,Strong,78,ACCEPT,Strong CRO and preclinical research operations,BestStartup India
Chemveda Life Sciences,https://chemvedals.com,Hyderabad,Life Sciences / CRO,Chemical & pharma research services,Mid-Market,NA,Strong,Strong,Strong,Moderate,Moderate,Strong,77,ACCEPT,Strong pharmaceutical R&D support company,BestStartup India
Concord Drugs,https://www.concorddrugs.net,Hyderabad,Pharma Manufacturing,"Pellets, injectables, formulations",Mid-Market,NA,Strong,Moderate,Strong,Moderate,Moderate,Moderate,73,ACCEPT,Specialized formulation and injectable manufacturer,BestStartup India
PathCare Labs,https://www.pathcarelabs.com,Hyderabad,Diagnostics / Healthcare,Pathology & diagnostic services,Mid-Market,NA,Moderate,Strong,Strong,Moderate,Weak,Moderate,71,FIT,Healthcare diagnostics and pathology network,BestStartup India
Krebs Biochemicals & Industries,https://www.krebsbiochem.com,Hyderabad,API / Biotech,APIs & biotech manufacturing,Enterprise,R T Ravi,Strong,Strong,Strong,Strong,Moderate,Strong,78,ACCEPT,Strong API manufacturing and biotech operations,BestStartup India ab kya karana chahiye 
,,,,,,,,,,,,,,,,
